feature_idx,corr_abs
76,0.7035496830940247
1149,0.6818107962608337
705,0.6639125347137451
730,0.6595667004585266
1268,0.6327633261680603
1276,0.6299878358840942
677,0.6261555552482605
209,0.6020925641059875
747,0.6014658808708191
763,0.5967793464660645
731,0.5923543572425842
2052,0.5870253443717957
354,0.5866474509239197
744,0.5855665802955627
26,0.5826112627983093
