feature_idx,corr_abs
785,0.7099707126617432
1245,0.69874107837677
989,0.682196855545044
958,0.6675112247467041
1133,0.6589834094047546
561,0.6560195088386536
1913,0.6550036072731018
178,0.6523873805999756
1274,0.6502650380134583
1430,0.6500139236450195
367,0.6484948396682739
674,0.644043505191803
1295,0.639085054397583
1822,0.6386308073997498
1786,0.6371451020240784
