feature_idx,corr_abs
132,0.6735846996307373
1149,0.668402373790741
446,0.6547809839248657
899,0.6396921277046204
648,0.6299430727958679
2284,0.6264342069625854
772,0.6246234774589539
588,0.6223175525665283
705,0.6124116778373718
744,0.611482560634613
1133,0.6111195683479309
972,0.6084374785423279
886,0.5982100963592529
1686,0.5900072455406189
1956,0.5893162488937378
