feature_idx,corr_abs
132,0.7284892201423645
2135,0.7179132103919983
1149,0.6894152164459229
2085,0.6841874122619629
1516,0.680828869342804
291,0.6506834626197815
2097,0.6440052390098572
886,0.6313378810882568
2052,0.5995425581932068
2005,0.5959458351135254
1915,0.5912533402442932
1009,0.5865507125854492
994,0.5819207429885864
1081,0.5817422866821289
2188,0.5806256532669067
