{
  "12": {
    "feature": 1308,
    "score": 0.8075774908065796,
    "top3_features": [
      1308,
      230,
      490
    ],
    "top5_features": [
      1308,
      230,
      490,
      358,
      903
    ],
    "base": 0.5,
    "single_20_up": 0.5,
    "single_20_down": 0.45,
    "top3_10.0_up": 0.5,
    "top3_10.0_down": 0.55,
    "top3_20.0_up": 0.5,
    "top3_20.0_down": 0.55,
    "top3_30.0_up": 0.5,
    "top3_30.0_down": 0.45,
    "top5_10.0_up": 0.5,
    "top5_10.0_down": 0.55,
    "top5_20.0_up": 0.5,
    "top5_20.0_down": 0.5,
    "top5_30.0_up": 0.5,
    "top5_30.0_down": 0.5
  },
  "13": {
    "feature": 485,
    "score": 0.7996358275413513,
    "top3_features": [
      485,
      1331,
      1808
    ],
    "top5_features": [
      485,
      1331,
      1808,
      230,
      881
    ],
    "base": 0.5,
    "single_20_up": 0.5,
    "single_20_down": 0.5,
    "top3_10.0_up": 0.55,
    "top3_10.0_down": 0.5,
    "top3_20.0_up": 0.55,
    "top3_20.0_down": 0.5,
    "top3_30.0_up": 0.55,
    "top3_30.0_down": 0.5,
    "top5_10.0_up": 0.5,
    "top5_10.0_down": 0.55,
    "top5_20.0_up": 0.5,
    "top5_20.0_down": 0.55,
    "top5_30.0_up": 0.5,
    "top5_30.0_down": 0.55
  },
  "14": {
    "feature": 631,
    "score": 0.8064118027687073,
    "top3_features": [
      631,
      238,
      303
    ],
    "top5_features": [
      631,
      238,
      303,
      1974,
      230
    ],
    "base": 0.5,
    "single_20_up": 0.55,
    "single_20_down": 0.5,
    "top3_10.0_up": 0.55,
    "top3_10.0_down": 0.5,
    "top3_20.0_up": 0.55,
    "top3_20.0_down": 0.5,
    "top3_30.0_up": 0.55,
    "top3_30.0_down": 0.5,
    "top5_10.0_up": 0.55,
    "top5_10.0_down": 0.5,
    "top5_20.0_up": 0.55,
    "top5_20.0_down": 0.5,
    "top5_30.0_up": 0.55,
    "top5_30.0_down": 0.5
  },
  "15": {
    "feature": 230,
    "score": 0.8217057585716248,
    "top3_features": [
      230,
      1648,
      1623
    ],
    "top5_features": [
      230,
      1648,
      1623,
      1800,
      1535
    ],
    "base": 0.5,
    "single_20_up": 0.5,
    "single_20_down": 0.5,
    "top3_10.0_up": 0.5,
    "top3_10.0_down": 0.55,
    "top3_20.0_up": 0.5,
    "top3_20.0_down": 0.55,
    "top3_30.0_up": 0.5,
    "top3_30.0_down": 0.55,
    "top5_10.0_up": 0.5,
    "top5_10.0_down": 0.55,
    "top5_20.0_up": 0.5,
    "top5_20.0_down": 0.55,
    "top5_30.0_up": 0.5,
    "top5_30.0_down": 0.55
  },
  "16": {
    "feature": 931,
    "score": 0.8352285623550415,
    "top3_features": [
      931,
      764,
      735
    ],
    "top5_features": [
      931,
      764,
      735,
      1825,
      853
    ],
    "base": 0.5,
    "single_20_up": 0.5,
    "single_20_down": 0.55,
    "top3_10.0_up": 0.5,
    "top3_10.0_down": 0.55,
    "top3_20.0_up": 0.5,
    "top3_20.0_down": 0.55,
    "top3_30.0_up": 0.5,
    "top3_30.0_down": 0.55,
    "top5_10.0_up": 0.5,
    "top5_10.0_down": 0.55,
    "top5_20.0_up": 0.5,
    "top5_20.0_down": 0.55,
    "top5_30.0_up": 0.5,
    "top5_30.0_down": 0.55
  },
  "17": {
    "feature": 55,
    "score": 0.8196110129356384,
    "top3_features": [
      55,
      1726,
      31
    ],
    "top5_features": [
      55,
      1726,
      31,
      230,
      583
    ],
    "base": 0.5,
    "single_20_up": 0.5,
    "single_20_down": 0.55,
    "top3_10.0_up": 0.55,
    "top3_10.0_down": 0.5,
    "top3_20.0_up": 0.55,
    "top3_20.0_down": 0.5,
    "top3_30.0_up": 0.55,
    "top3_30.0_down": 0.5,
    "top5_10.0_up": 0.55,
    "top5_10.0_down": 0.5,
    "top5_20.0_up": 0.55,
    "top5_20.0_down": 0.5,
    "top5_30.0_up": 0.55,
    "top5_30.0_down": 0.5
  },
  "18": {
    "feature": 55,
    "score": 0.843574583530426,
    "top3_features": [
      55,
      461,
      1398
    ],
    "top5_features": [
      55,
      461,
      1398,
      2034,
      1896
    ],
    "base": 0.5,
    "single_20_up": 0.5,
    "single_20_down": 0.55,
    "top3_10.0_up": 0.55,
    "top3_10.0_down": 0.5,
    "top3_20.0_up": 0.55,
    "top3_20.0_down": 0.5,
    "top3_30.0_up": 0.55,
    "top3_30.0_down": 0.5,
    "top5_10.0_up": 0.5,
    "top5_10.0_down": 0.5,
    "top5_20.0_up": 0.55,
    "top5_20.0_down": 0.5,
    "top5_30.0_up": 0.55,
    "top5_30.0_down": 0.5
  },
  "19": {
    "feature": 260,
    "score": 0.8162656426429749,
    "top3_features": [
      260,
      1334,
      1923
    ],
    "top5_features": [
      260,
      1334,
      1923,
      1623,
      536
    ],
    "base": 0.5,
    "single_20_up": 0.55,
    "single_20_down": 0.5,
    "top3_10.0_up": 0.5,
    "top3_10.0_down": 0.55,
    "top3_20.0_up": 0.5,
    "top3_20.0_down": 0.55,
    "top3_30.0_up": 0.5,
    "top3_30.0_down": 0.5,
    "top5_10.0_up": 0.55,
    "top5_10.0_down": 0.5,
    "top5_20.0_up": 0.55,
    "top5_20.0_down": 0.5,
    "top5_30.0_up": 0.55,
    "top5_30.0_down": 0.5
  },
  "20": {
    "feature": 1148,
    "score": 0.8194272518157959,
    "top3_features": [
      1148,
      230,
      1330
    ],
    "top5_features": [
      1148,
      230,
      1330,
      2273,
      1393
    ],
    "base": 0.5,
    "single_20_up": 0.55,
    "single_20_down": 0.5,
    "top3_10.0_up": 0.5,
    "top3_10.0_down": 0.55,
    "top3_20.0_up": 0.5,
    "top3_20.0_down": 0.55,
    "top3_30.0_up": 0.5,
    "top3_30.0_down": 0.55,
    "top5_10.0_up": 0.5,
    "top5_10.0_down": 0.55,
    "top5_20.0_up": 0.5,
    "top5_20.0_down": 0.55,
    "top5_30.0_up": 0.5,
    "top5_30.0_down": 0.55
  },
  "21": {
    "feature": 1148,
    "score": 0.8234099745750427,
    "top3_features": [
      1148,
      373,
      230
    ],
    "top5_features": [
      1148,
      373,
      230,
      1924,
      1825
    ],
    "base": 0.5,
    "single_20_up": 0.5,
    "single_20_down": 0.55,
    "top3_10.0_up": 0.5,
    "top3_10.0_down": 0.55,
    "top3_20.0_up": 0.5,
    "top3_20.0_down": 0.55,
    "top3_30.0_up": 0.5,
    "top3_30.0_down": 0.55,
    "top5_10.0_up": 0.5,
    "top5_10.0_down": 0.55,
    "top5_20.0_up": 0.5,
    "top5_20.0_down": 0.55,
    "top5_30.0_up": 0.5,
    "top5_30.0_down": 0.55
  },
  "22": {
    "feature": 837,
    "score": 0.8142818808555603,
    "top3_features": [
      837,
      2185,
      1623
    ],
    "top5_features": [
      837,
      2185,
      1623,
      230,
      78
    ],
    "base": 0.5,
    "single_20_up": 0.5,
    "single_20_down": 0.55,
    "top3_10.0_up": 0.5,
    "top3_10.0_down": 0.55,
    "top3_20.0_up": 0.5,
    "top3_20.0_down": 0.55,
    "top3_30.0_up": 0.5,
    "top3_30.0_down": 0.55,
    "top5_10.0_up": 0.5,
    "top5_10.0_down": 0.55,
    "top5_20.0_up": 0.5,
    "top5_20.0_down": 0.55,
    "top5_30.0_up": 0.5,
    "top5_30.0_down": 0.55
  },
  "23": {
    "feature": 784,
    "score": 0.7908201813697815,
    "top3_features": [
      784,
      1223,
      2127
    ],
    "top5_features": [
      784,
      1223,
      2127,
      341,
      2185
    ],
    "base": 0.5,
    "single_20_up": 0.55,
    "single_20_down": 0.5,
    "top3_10.0_up": 0.55,
    "top3_10.0_down": 0.5,
    "top3_20.0_up": 0.55,
    "top3_20.0_down": 0.5,
    "top3_30.0_up": 0.55,
    "top3_30.0_down": 0.5,
    "top5_10.0_up": 0.5,
    "top5_10.0_down": 0.5,
    "top5_20.0_up": 0.5,
    "top5_20.0_down": 0.5,
    "top5_30.0_up": 0.5,
    "top5_30.0_down": 0.55
  },
  "multilayer": {
    "top2_10.0_up": 0.5,
    "top2_10.0_down": 0.55,
    "top2_20.0_up": 0.45,
    "top2_20.0_down": 0.55,
    "top2_30.0_up": 0.45,
    "top2_30.0_down": 0.55,
    "top3_10.0_up": 0.5,
    "top3_10.0_down": 0.55,
    "top3_20.0_up": 0.45,
    "top3_20.0_down": 0.55,
    "top3_30.0_up": 0.45,
    "top3_30.0_down": 0.55,
    "all_10.0_up": 0.5,
    "all_10.0_down": 0.5,
    "all_20.0_up": 0.5,
    "all_20.0_down": 0.45
  }
}