{
  "18": {
    "feature": 76,
    "score": 0.7035496830940247,
    "top3_features": [
      76,
      1149,
      705
    ],
    "top5_features": [
      76,
      1149,
      705,
      730,
      1268
    ],
    "base": 0.94,
    "single_20_up": 0.92,
    "single_20_down": 0.92,
    "top3_10.0_up": 0.94,
    "top3_10.0_down": 0.94,
    "top3_20.0_up": 0.94,
    "top3_20.0_down": 0.94,
    "top3_30.0_up": 0.94,
    "top3_30.0_down": 0.92,
    "top5_10.0_up": 0.94,
    "top5_10.0_down": 0.94,
    "top5_20.0_up": 0.94,
    "top5_20.0_down": 0.94,
    "top5_30.0_up": 0.94,
    "top5_30.0_down": 0.94
  },
  "19": {
    "feature": 132,
    "score": 0.6735846996307373,
    "top3_features": [
      132,
      1149,
      446
    ],
    "top5_features": [
      132,
      1149,
      446,
      899,
      648
    ],
    "base": 0.94,
    "single_20_up": 0.94,
    "single_20_down": 0.94,
    "top3_10.0_up": 0.94,
    "top3_10.0_down": 0.94,
    "top3_20.0_up": 0.94,
    "top3_20.0_down": 0.96,
    "top3_30.0_up": 0.94,
    "top3_30.0_down": 0.96,
    "top5_10.0_up": 0.94,
    "top5_10.0_down": 0.94,
    "top5_20.0_up": 0.94,
    "top5_20.0_down": 0.94,
    "top5_30.0_up": 0.94,
    "top5_30.0_down": 0.94
  },
  "20": {
    "feature": 132,
    "score": 0.7284892201423645,
    "top3_features": [
      132,
      2135,
      1149
    ],
    "top5_features": [
      132,
      2135,
      1149,
      2085,
      1516
    ],
    "base": 0.94,
    "single_20_up": 0.94,
    "single_20_down": 0.94,
    "top3_10.0_up": 0.94,
    "top3_10.0_down": 0.94,
    "top3_20.0_up": 0.94,
    "top3_20.0_down": 0.94,
    "top3_30.0_up": 0.94,
    "top3_30.0_down": 0.94,
    "top5_10.0_up": 0.94,
    "top5_10.0_down": 0.94,
    "top5_20.0_up": 0.94,
    "top5_20.0_down": 0.94,
    "top5_30.0_up": 0.94,
    "top5_30.0_down": 0.94
  },
  "multilayer": {
    "top2_10.0_up": 0.94,
    "top2_10.0_down": 0.94,
    "top2_20.0_up": 0.92,
    "top2_20.0_down": 0.92,
    "top2_30.0_up": 0.92,
    "top2_30.0_down": 0.92,
    "top3_10.0_up": 0.94,
    "top3_10.0_down": 0.94,
    "top3_20.0_up": 0.92,
    "top3_20.0_down": 0.94,
    "top3_30.0_up": 0.92,
    "top3_30.0_down": 0.94
  }
}